count,email,fio
7,chrisk@yahoo.ca,Elicia Espinoza
3,asdoakofk,Amelia-Lily Daniel
8,asdoakofk,Елисеев Жигер Виталиевич
1,mastinfo@hotmail.com,Передрий Станислав Евгеньевич
9,tarreau@live.com,Miah Dougherty
7,attwood@yahoo.ca,Lukas Mitchell
1,asdoakofk,Emmeline Monroe
7,asdoakofk,Симонов Прохор Эдуардович
5,squirrel@outlook.com,Доронин Лукиллиан Дмитриевич
9,asdoakofk,Семёнов Святослав Григорьевич
1,asdoakofk,Кулагин Карим Романович
1,asdoakofk,Bronwyn Moses
8,ribet@optonline.net,Пасичник Эрик Дмитриевич
2,asdoakofk,Elen Prosser
6,hampton@yahoo.com,Faisal Payne
9,asdoakofk,Ameen Mcclain
1,asdoakofk,Доронин Мирослав Сергеевич
4,mthurn@sbcglobal.net,Шкраба Юлиан Вадимович
4,asdoakofk,Abdur Stout
9,ilial@live.com,Gillian Gonzales
8,jamuir@hotmail.com,Hamza Berry
8,asdoakofk,Давыдов Ираклий Викторович
2,asdoakofk,Константинов Болеслав Михайлович
2,eminence@hotmail.com,Козлов Бронислав Валериевич
8,stefano@verizon.net,Посидайло Роман Брониславович
5,asdoakofk,Pierce Mata
4,kuparine@yahoo.ca,Chandni Hopper
1,asdoakofk,Ерёменко Болеслав Михайлович
2,goldberg@hotmail.com,Осипов Лаврентий Григорьевич
4,asdoakofk,Петухов Харитон Данилович
5,asdoakofk,Ерёменко Цицерон Валериевич
6,asdoakofk,Aliyah Cuevas
9,asdoakofk,Kristofer Barrow
8,inico@yahoo.ca,Колесник Станислав Эдуардович
6,asdoakofk,Brent Cantu
6,kempsonc@mac.com,Карпов Андрей Львович
8,seurat@icloud.com,Fionnuala Harmon
6,asdoakofk,Yasin Ramsey
1,chrisj@optonline.net,Carmen Hansen
2,asdoakofk,Грабчак Цефас Леонидович
10,asdoakofk,Белов Харитон Виталиевич
10,laird@comcast.net,Евдокимов Цефас Платонович
7,asdoakofk,Sade Wooten
4,asdoakofk,Iyla Walsh
2,asdoakofk,Васильев Йоханес Викторович
3,ribet@msn.com,Суханов Антон Максимович
3,asdoakofk,Pola Burch
2,smartfart@att.net,Мирный Шерлок Максимович
6,rafasgj@icloud.com,Коломоец Глеб Станиславович
2,stecoop@att.net,Юдин Ираклий Викторович
10,asdoakofk,Mack Mcdermott
1,asdoakofk,Bushra England
10,chaikin@gmail.com,Killian Crawford
10,asdoakofk,Шаров Константин Анатолиевич
2,asdoakofk,Кошелев Вадим Станиславович
8,asdoakofk,Rosie Bains
4,asdoakofk,Кузнецов Донат Платонович
5,asdoakofk,Петров Руслан Богданович
5,bmidd@verizon.net,Грабчак Цезарь Алексеевич
9,jelmer@att.net,Анисимов Жерар Анатолиевич
3,asdoakofk,Renesmae Pineda
1,asdoakofk,Blanka Webster
5,dhwon@mac.com,Зиновьев Шерлок Петрович
2,birddog@sbcglobal.net,Кулаков Ефрем Иванович
7,preneel@comcast.net,Жуков Карим Дмитриевич
7,lukka@optonline.net,Sana Knowles
10,asdoakofk,Беспалов Харитон Леонидович
10,scottlee@outlook.com,Adem Carson
8,smallpaul@aol.com,Callam Corbett
3,skippy@gmail.com,Julian Irvine
5,conteb@mac.com,Игнатьев Мирослав Петрович
4,asdoakofk,Ella-May Jefferson
6,jschauma@outlook.com,Зуев Карен Платонович
10,aibrahim@sbcglobal.net,Rishi Shaw
6,gastown@gmail.com,Ocean Wise
3,gward@msn.com,Корнейчук Максим Васильевич
8,asdoakofk,Беляев Иосиф Валериевич
8,asdoakofk,Aiden Bishop
6,asdoakofk,Siyana Hilton
1,zwood@yahoo.ca,Aryaan O'Reilly
1,salesgeek@optonline.net,Туров Осип Эдуардович
10,agolomsh@hotmail.com,Кулаков Лев Иванович
10,djupedal@yahoo.ca,Katherine Dale
1,asdoakofk,Whitney Brook
10,hachi@mac.com,Тимошенко Остап Эдуардович
4,boser@aol.com,Tammy Mansell
3,hampton@gmail.com,Marcel Hoffman
1,asdoakofk,Michaela Pike
10,trieuvan@verizon.net,Кошелев Цицерон Данилович
7,asdoakofk,Сазонов Валерий Платонович
5,asdoakofk,Athena Whitehead
9,aardo@hotmail.com,Sahib Kelly
2,asdoakofk,Zakariah Nunez
7,asdoakofk,Матвеев Эрик Сергеевич
2,asdoakofk,Галкин Цефас Леонидович
9,asdoakofk,Ерёменко Йомер Богданович
5,msroth@att.net,Фролов Харитон Виталиевич
6,rohitm@icloud.com,Celia Bird
5,asdoakofk,Grant Ortega
3,wikinerd@live.com,Amir Carpenter
